{
  "name": "kaolack-stories-backend",
  "version": "1.0.0",
  "description": "Backend API pour Kaolack Stories Connect",
  "main": "server.js",
  "scripts": {
    "start": "node server.js",
    "dev": "nodemon server.js",
    "production": "NODE_ENV=production node server.production.js",
    "migrate": "npx sequelize-cli db:migrate",
    "migrate:undo": "npx sequelize-cli db:migrate:undo",
    "seed": "npx sequelize-cli db:seed:all",
    "test": "echo \"No tests specified\" && exit 0"
  },
  "dependencies": {
    "express": "^4.19.2",
    "cors": "^2.8.5",
    "helmet": "^7.1.0",
    "express-rate-limit": "^7.1.5",
    "dotenv": "^16.3.1",
    "mysql2": "^3.6.5",
    "sequelize": "^6.35.0",
    "sequelize-cli": "^6.6.2",
    "bcryptjs": "^2.4.3",
    "jsonwebtoken": "^9.0.2",
    "multer": "^1.4.5-lts.1",
    "joi": "^17.11.0",
    "express-validator": "^7.0.1"
  },
  "devDependencies": {
    "nodemon": "^3.0.2"
  },
  "engines": {
    "node": ">=16.0.0",
    "npm": ">=8.0.0"
  },
  "keywords": [
    "kaolack",
    "stories",
    "api",
    "express",
    "mysql"
  ],
  "author": "Votre Nom",
  "license": "MIT"
}